block_index	kind	item_index	style_or_shape	preceding_context	text_or_preview
1	paragraph	1	Title		《三命无常》工程真源定稿
2	paragraph	2	Subtitle		完整玩法、数值、地图、内容、交互与工程协议的唯一开发蓝图
3	table	1	8x4	《三命无常》工程真源定稿 || 完整玩法、数值、地图、内容、交互与工程协议的唯一开发蓝图	项目 | 定案值 | 项目 | 定案值
4	paragraph	3	Normal		
5	table	2	1x1	《三命无常》工程真源定稿 || 完整玩法、数值、地图、内容、交互与工程协议的唯一开发蓝图	唯一性声明｜运行时唯一值只存在于附录E中完整命名空间化的工程键；正文、玩家文案和汇总表均为同一工程键生成的只读投影。构建器发现投影与工程键不一致时必须失败，禁止人工二选一。
6	paragraph	4	Normal		
7	paragraph	5	Heading 1		目录
8	paragraph	6	Normal		自动目录将在打开文档时更新；下方为可点击快速目录。
9	paragraph	7	List Bullet		0 真源权限与工程约定
10	paragraph	8	List Bullet		1 产品定位与设计宪法
11	paragraph	9	List Bullet		2 单局流程、胜负与三条命
12	paragraph	10	List Bullet		3 三端输入、镜头、HUD与信息公平
13	paragraph	11	List Bullet		4 英雄、等级、属性与五行
14	paragraph	12	List Bullet		5 战斗结算、控制、视野与隐身
15	paragraph	13	List Bullet		6 主动技能（57项）
16	paragraph	14	List Bullet		7 被动技能（44项）
17	paragraph	15	List Bullet		8 装备、手牌、技能书与宝石
18	paragraph	16	List Bullet		9 百眼迷城地图总则与精确几何
19	paragraph	17	List Bullet		10 天劫、雷眼、决赛庭与灭世雷暴
20	paragraph	18	List Bullet		11 PVE生态、怪物、首领、龙王与核心BOSS
21	paragraph	19	List Bullet		12 掉落、经济、商店、空投与黑山
22	paragraph	20	List Bullet		13 匹配、BOT、新手与断线
23	paragraph	21	List Bullet		14 局外成长、图鉴、战报与商业化
24	paragraph	22	List Bullet		15 网络、后端、事务、回放与反作弊
25	paragraph	23	List Bullet		16 美术、怪物形象、音频、本地化与资产规范
26	paragraph	24	List Bullet		17 AI开发、性能与发布验收
27	paragraph	25	List Bullet		附录A 全英雄与等级数值
28	paragraph	26	List Bullet		附录B 全技能、被动与装备数据
29	paragraph	27	List Bullet		附录C 全怪物与定向掉落
30	paragraph	28	List Bullet		附录D 地图坐标、路网、墙体与POI
31	paragraph	29	List Bullet		附录E 运行时工程字段、枚举、事件与资产台账
32	paragraph	30	List Bullet		E.28–E.36 类型系统 / 公式DSL / 字段矩阵 / 被动·装备·怪物技能·召唤物强类型载荷 / H009规则 / 修订裁决记录（v4新增）
33	paragraph	31	Heading 1		0 真源权限与工程约定
34	table	3	1x1	附录E 运行时工程字段、枚举、事件与资产台账 || E.28–E.36 类型系统 / 公式DSL / 字段矩阵 / 被动·装备·怪物技能·召唤物强类型载荷 / H009规则 / 修订裁决记录（v4新增） || 0 真源权限与工程约定	执行原则｜客户端、服务端、数据生成器、BOT、回放和测试只读取附录E导出的规则快照；正文解释设计意图，资产表指导内容生产，二者不得直接驱动运行时。空值必须显式写为NONE、[]、NOT_APPLICABLE或INHERIT_DEFAULT。
35	paragraph	32	Normal		
36	table	4	10x2	附录E 运行时工程字段、枚举、事件与资产台账 || E.28–E.36 类型系统 / 公式DSL / 字段矩阵 / 被动·装备·怪物技能·召唤物强类型载荷 / H009规则 / 修订裁决记录（v4新增） || 0 真源权限与工程约定	约定 | 唯一规则
37	paragraph	33	Heading 2		0.1 稳定规则域ID与AI开发入口
38	table	5	17x3	E.28–E.36 类型系统 / 公式DSL / 字段矩阵 / 被动·装备·怪物技能·召唤物强类型载荷 / H009规则 / 修订裁决记录（v4新增） || 0 真源权限与工程约定 || 0.1 稳定规则域ID与AI开发入口	规则域ID | 唯一责任 | 运行时权威
39	paragraph	34	Normal		唯一开发顺序：规则内核→共享类型与闭合枚举→地图物理层→战斗→PVE→经济→UI→网络与后端→局外→自动测试与发布门槛。任何后续阶段不得反向发明前序规则。
40	paragraph	35	Heading 2		0.2 封闭术语表
41	table	6	10x3	0.1 稳定规则域ID与AI开发入口 || 唯一开发顺序：规则内核→共享类型与闭合枚举→地图物理层→战斗→PVE→经济→UI→网络与后端→局外→自动测试与发布门槛。任何后续阶段不得反向发明前序规则。 || 0.2 封闭术语表	术语 | 工程键 | 唯一含义
42	paragraph	36	Normal		
43	paragraph	37	Heading 1		1 产品定位与设计宪法
44	table	7	9x2	唯一开发顺序：规则内核→共享类型与闭合枚举→地图物理层→战斗→PVE→经济→UI→网络与后端→局外→自动测试与发布门槛。任何后续阶段不得反向发明前序规则。 || 0.2 封闭术语表 || 1 产品定位与设计宪法	支柱 | 定案
45	paragraph	38	Normal		
46	paragraph	39	Heading 1		2 单局流程、胜负与三条命
47	table	8	7x2	0.2 封闭术语表 || 1 产品定位与设计宪法 || 2 单局流程、胜负与三条命	项目 | 规则
48	paragraph	40	Normal		
49	paragraph	41	Heading 2		2.1 等级与经验
50	table	9	16x3	1 产品定位与设计宪法 || 2 单局流程、胜负与三条命 || 2.1 等级与经验	等级 | 升到下一级经验 | 累计经验
51	paragraph	42	Normal		
52	paragraph	43	Normal		保底经验：每10秒获得10经验；ALIVE、TRUE_DEATH_RESOLVING、SOUL_FLIGHT、REVIVE_PROTECTION均计时。经验溢出可连续升级。
53	paragraph	44	Heading 2		2.2 致死链、掉落与复活
54	table	10	9x2	2.1 等级与经验 || 保底经验：每10秒获得10经验；ALIVE、TRUE_DEATH_RESOLVING、SOUL_FLIGHT、REVIVE_PROTECTION均计时。经验溢出可连续升级。 || 2.2 致死链、掉落与复活	顺位 | 处理
55	paragraph	45	Normal		
56	paragraph	46	List Bullet		只有所有致死保护都失败才消耗一条命；假死、九转金丹和被动复活均不触发真死掉落与全局重置。
57	paragraph	47	List Bullet		第1、2次真死：掉落全部手牌装备，身穿3件保留；第3次真死：手牌和身穿3件全部公开落地；金币永不掉落。
58	paragraph	48	List Bullet		第1、2次真死使当前主动变为READY；被动内置CD继续计时且不因死亡清零。临时增减益、DoT、控制、召唤物、陷阱、冰墙和装备临时层清除；等级、经验、金币、被动等级、装备及明确声明的永久层保留。第3次真死淘汰后不再创建技能运行时状态。
59	paragraph	49	List Bullet		真死结算后成为无碰撞无敌灵魂，以18m/s飞往分阶段复活候选池选出的R点。基础飞行时长clamp(3,直线距离/18,10)秒；到点重验，不合法则按同一确定性评分转向次选，额外最多3秒，随后使用本章规定的安全回退点。
60	paragraph	50	List Bullet		复活为满生命并获得3秒保护：可移动、可进入伏石，但不能攻击、施法、拾取、购物、开箱或赌博；任何进攻/交互意图先解除保护再重验同一请求。
61	paragraph	51	List Bullet		怪物最后一击玩家永远记怪物击杀，玩家不获奖励；所有者死亡后的已释放弹道继续结算并保留原所有者归属。
62	paragraph	52	Heading 2		2.3 玩家击杀奖励
63	table	11	7x2	复活为满生命并获得3秒保护：可移动、可进入伏石，但不能攻击、施法、拾取、购物、开箱或赌博；任何进攻/交互意图先解除保护再重验同一请求。 || 怪物最后一击玩家永远记怪物击杀，玩家不获奖励；所有者死亡后的已释放弹道继续结算并保留原所有者归属。 || 2.3 玩家击杀奖励	项目 | 公式
64	paragraph	53	Normal		
65	paragraph	54	Heading 1		3 三端输入、镜头、HUD与信息公平
66	table	12	7x3	怪物最后一击玩家永远记怪物击杀，玩家不获奖励；所有者死亡后的已释放弹道继续结算并保留原所有者归属。 || 2.3 玩家击杀奖励 || 3 三端输入、镜头、HUD与信息公平	动作 | 手机 / 平板 | Windows PC
67	paragraph	55	Normal		
68	paragraph	56	List Bullet		逻辑战斗视口固定16:9；宽屏只扩展装饰，不增加敌情、锁定距离或小地图信息。
69	paragraph	57	List Bullet		基础视野30米，单位锁定必须同时满足直接视线和合法射程；长距瞄准镜头前移最多20米，只给预览，不给额外敌情。
70	paragraph	58	List Bullet		固定斜俯视镜头，不允许自由旋转或拖屏侦察。UI事件必须吞掉世界点击，避免点按钮误放技能。
71	paragraph	59	List Bullet		索敌扇区全角24°；并列顺序：最近有效伤害过自己的目标→屏幕夹角最小→Nav距离最短→实体ID。
72	paragraph	60	List Bullet		任何重要信息不得只靠颜色或声音；五行至少使用符号+文字+配色+阵纹，CD使用数字+扇形遮罩。
73	paragraph	61	Heading 2		3.1 1280×720逻辑HUD
74	table	13	70x2	索敌扇区全角24°；并列顺序：最近有效伤害过自己的目标→屏幕夹角最小→Nav距离最短→实体ID。 || 任何重要信息不得只靠颜色或声音；五行至少使用符号+文字+配色+阵纹，CD使用数字+扇形遮罩。 || 3.1 1280×720逻辑HUD	工程字段 | 唯一值 / 执行语义
75	paragraph	62	Normal		
76	paragraph	63	Heading 1		4 英雄、等级、属性与五行
77	table	14	1x1	任何重要信息不得只靠颜色或声音；五行至少使用符号+文字+配色+阵纹，CD使用数字+扇形遮罩。 || 3.1 1280×720逻辑HUD || 4 英雄、等级、属性与五行	主动成长铁律｜主动技能没有技能等级。所有固定伤害、固定治疗、固定护盾、固定召唤属性、百分比、CD、距离、范围与时长终局不变；只有技能明确声明的属性系数读取施放时当前面板属性。
78	paragraph	64	Normal		
79	table	15	9x2	任何重要信息不得只靠颜色或声音；五行至少使用符号+文字+配色+阵纹，CD使用数字+扇形遮罩。 || 3.1 1280×720逻辑HUD || 4 英雄、等级、属性与五行	属性处理 | 规则
80	paragraph	65	Normal		
81	paragraph	66	Heading 1		5 战斗结算、控制、视野与隐身
82	paragraph	67	Heading 2		5.1 普攻
83	table	16	7x2	4 英雄、等级、属性与五行 || 5 战斗结算、控制、视野与隐身 || 5.1 普攻	项目 | 规则
84	paragraph	68	Normal		
85	paragraph	69	Heading 2		5.2 伤害结算顺序
86	table	17	15x2	5 战斗结算、控制、视野与隐身 || 5.1 普攻 || 5.2 伤害结算顺序	顺序 | 步骤
87	paragraph	70	Normal		
88	paragraph	71	Heading 2		5.3 伤害类型
89	table	18	8x7	5.1 普攻 || 5.2 伤害结算顺序 || 5.3 伤害类型	类型 | 暴击 | 五行 | 比例减伤 | 固定减伤 | 护盾 | 无敌
90	paragraph	72	Normal		
91	paragraph	73	Heading 2		5.4 控制与强制位移
92	table	19	14x2	5.2 伤害结算顺序 || 5.3 伤害类型 || 5.4 控制与强制位移	项目 | 规则
93	paragraph	74	Normal		
94	paragraph	75	Heading 2		5.5 战争迷雾、伏石与揭露
95	table	20	6x3	5.3 伤害类型 || 5.4 控制与强制位移 || 5.5 战争迷雾、伏石与揭露	信息态 | 可锁定 | 表现与边界
96	paragraph	76	Normal		
97	paragraph	77	List Bullet		玩家对玩家造成实际生命或护盾伤害时，攻击者向该受击者暴露精确小地图位置3秒；只提供小地图位置，不提供隔墙锁定，持续时间可刷新但复制频率最多1Hz。
98	paragraph	78	List Bullet		伏石为石体周围2米非方向环带：圈外看不见圈内，同一环带互见；普攻释放、敌对主动提交或承受实际生命/护盾伤害会破隐；拾取不破隐。
99	paragraph	79	List Bullet		伏石、主动隐身、装备隐身都属于STEALTH；普通战争迷雾与烟雾遮挡不等同隐身。隐身不能被直接锁定，但实体碰撞和盲放范围技能仍有效。
100	paragraph	80	List Bullet		照妖镜20米/3秒、照妖珠20米常驻、核心BOSS真视眼10米可揭露；墙体仍阻挡揭露与锁定。
101	paragraph	81	List Bullet		核心BOSS真视眼共享给10米内所有玩家；BOSS死亡后在死亡点保留10秒。
102	paragraph	82	List Bullet		灭世雷暴不会强制显形，也不会禁用伏石、隐身、治疗或护盾。
103	paragraph	83	Heading 1		6 主动技能（57项）
104	paragraph	84	List Bullet		每名英雄出生自带1个专属主动；地图另有19个通用主动。任意时刻仅持有1个主动。
105	paragraph	85	List Bullet		通用主动落地后公开争夺；替换需确认，新主动从完整CD开始；太白换英雄得到新专属时READY；前两次真死复活后当前主动READY。
106	paragraph	86	List Bullet		所有57个主动的level_scaling=NONE；运行时只读取工程参数，绝不解析展示文案。
107	paragraph	87	List Bullet		施法非法时沿同方向缩短至最近合法点；仍非法则不施放、不进入CD。动态墙体及所有通行合法性只由真实碰撞几何和持续时间决定。
108	table	21	58x7	通用主动落地后公开争夺；替换需确认，新主动从完整CD开始；太白换英雄得到新专属时READY；前两次真死复活后当前主动READY。 || 所有57个主动的level_scaling=NONE；运行时只读取工程参数，绝不解析展示文案。 || 施法非法时沿同方向缩短至最近合法点；仍非法则不施放、不进入CD。动态墙体及所有通行合法性只由真实碰撞几何和持续时间决定。	ID | 名称 | 类型 | 归属 | CD(s) | 瞄准与几何 | 完整机制
109	paragraph	88	Normal		
110	paragraph	89	Heading 1		7 被动技能（44项）
111	paragraph	90	List Bullet		每名玩家最多4个被动槽；技能书空槽直接学习1级，同名未满5级则消耗书升1级。
112	paragraph	91	List Bullet		同名5级书不可拾取；四槽满时拾取不同名书必须明确选择被替换槽，取消则书留在地面公开。
113	paragraph	92	List Bullet		技能宝石进入HUD宝石仓，不占手牌且不能主动丢地；可自由分配给未满级被动；全部被动5级时拒绝拾取或购买。
114	paragraph	93	List Bullet		真死保留被动与等级，但重置内置CD并清临时状态；替换被动时清其实体、未来计时器和永久层，已独立施加的DoT按合同继续。
115	table	22	45x6	同名5级书不可拾取；四槽满时拾取不同名书必须明确选择被替换槽，取消则书留在地面公开。 || 技能宝石进入HUD宝石仓，不占手牌且不能主动丢地；可自由分配给未满级被动；全部被动5级时拒绝拾取或购买。 || 真死保留被动与等级，但重置内置CD并清临时状态；替换被动时清其实体、未来计时器和永久层，已独立施加的DoT按合同继续。	ID | 名称 | 类别 | 触发 | 玩家说明 | 工程数值(L1–L5)
116	paragraph	94	Normal		
117	paragraph	95	Heading 1		8 装备、手牌、技能书与宝石
118	table	23	7x2	技能宝石进入HUD宝石仓，不占手牌且不能主动丢地；可自由分配给未满级被动；全部被动5级时拒绝拾取或购买。 || 真死保留被动与等级，但重置内置CD并清临时状态；替换被动时清其实体、未来计时器和永久层，已独立施加的DoT按合同继续。 || 8 装备、手牌、技能书与宝石	容量 | 规则
119	paragraph	96	Normal		
120	table	24	49x8	技能宝石进入HUD宝石仓，不占手牌且不能主动丢地；可自由分配给未满级被动；全部被动5级时拒绝拾取或购买。 || 真死保留被动与等级，但重置内置CD并清临时状态；替换被动时清其实体、未来计时器和永久层，已独立施加的DoT按合同继续。 || 8 装备、手牌、技能书与宝石	ID | 名称 | 品质 | 属性 | 效果 | 买价 | 卖价 | 商店
121	paragraph	97	Normal		
122	paragraph	98	Heading 1		9 百眼迷城地图总则与精确几何
123	table	25	13x2	真死保留被动与等级，但重置内置CD并清临时状态；替换被动时清其实体、未来计时器和永久层，已独立施加的DoT按合同继续。 || 8 装备、手牌、技能书与宝石 || 9 百眼迷城地图总则与精确几何	项目 | 定案
124	paragraph	99	Normal		
125	paragraph	100	Heading 2		9.1 六区职责
126	table	26	8x2	8 装备、手牌、技能书与宝石 || 9 百眼迷城地图总则与精确几何 || 9.1 六区职责	区块 | 主体验与路线职责
127	paragraph	101	Heading 2		9.1a 六区可计算边界
128	table	27	7x4	9 百眼迷城地图总则与精确几何 || 9.1 六区职责 || 9.1a 六区可计算边界	region_id | 中文名 | 共享边界路径 | 闭合多边形顶点（米）
129	paragraph	102	List Bullet		共享边界路径为唯一权威几何；六区多边形仅由外边界段与下表路径拼接生成。构建器必须验证：每条路径顶点在两侧多边形中按序完整出现、六区并集覆盖全图无缝隙、任意两区交集面积为0。
130	table	28	7x4	9.1 六区职责 || 9.1a 六区可计算边界 || 共享边界路径为唯一权威几何；六区多边形仅由外边界段与下表路径拼接生成。构建器必须验证：每条路径顶点在两侧多边形中按序完整出现、六区并集覆盖全图无缝隙、任意两区交集面积为0。	path_id | 相邻区对 | 顶点数 | 有序顶点（米，自圆心向外）
131	paragraph	103	Heading 2		9.1b 三维地表与物体行为矩阵
132	table	29	8x8	9.1a 六区可计算边界 || 共享边界路径为唯一权威几何；六区多边形仅由外边界段与下表路径拼接生成。构建器必须验证：每条路径顶点在两侧多边形中按序完整出现、六区并集覆盖全图无缝隙、任意两区交集面积为0。 || 9.1b 三维地表与物体行为矩阵	对象类 | 移动 | 视线 | 弹道 | 飞行 | 闪现 | 可破坏 | 唯一工程语义
133	paragraph	104	Normal		
134	paragraph	105	Heading 2		9.2 地图总图与分层图
135	paragraph	106	Normal		
136	paragraph	107	Normal		百眼迷城840米灰盒总图：道路、墙体、区块、资源和三庭的统一空间关系。
137	paragraph	108	Normal		
138	paragraph	109	Normal		路网与墙体层：所有道路可走边与实体墙共同定义NavMesh。
139	paragraph	110	Normal		
140	paragraph	111	Normal		资源层：普通怪槽、猪窝、龙宫、首领场、核心庭与宝箱池。
141	paragraph	112	Normal		
142	paragraph	113	Normal		商店层：16宏区与48微锚点。
143	paragraph	114	Normal		
144	paragraph	115	Normal		出生层：40宏区与80微位。
145	paragraph	116	Normal		
146	paragraph	117	Normal		伏石层：世界与三庭备选伏石关系。
147	paragraph	118	Heading 1		10 天劫、雷眼、决赛庭与灭世雷暴
148	table	30	11x5	出生层：40宏区与80微位。 || 伏石层：世界与三庭备选伏石关系。 || 10 天劫、雷眼、决赛庭与灭世雷暴	时间 | 阶段 | 安全半径 | 圈心 | 事件
149	paragraph	119	Normal		
150	table	31	7x2	出生层：40宏区与80微位。 || 伏石层：世界与三庭备选伏石关系。 || 10 天劫、雷眼、决赛庭与灭世雷暴	类型 | 定案规则
151	paragraph	120	Normal		
152	paragraph	121	Normal		
153	paragraph	122	Normal		天劫阶段覆盖与圈心迁移。
154	paragraph	123	Heading 1		11 PVE生态、怪物、首领、龙王与核心BOSS
155	table	32	1x1	10 天劫、雷眼、决赛庭与灭世雷暴 || 天劫阶段覆盖与圈心迁移。 || 11 PVE生态、怪物、首领、龙王与核心BOSS	PVE调性｜怪物是“有牙的资源”：少量小怪可稳定处理，拉十几二十只会因近战围位、远程和错帧攻击迅速变危险；AOE构筑用更高瞬时风险换更快清群，但PVE不压过玩家之间的主戏。
156	paragraph	124	Normal		
157	table	33	9x3	10 天劫、雷眼、决赛庭与灭世雷暴 || 天劫阶段覆盖与圈心迁移。 || 11 PVE生态、怪物、首领、龙王与核心BOSS	机械层级 | 同时存量 | 定位
158	paragraph	125	Normal		
159	paragraph	126	Heading 2		11.1 AI、仇恨与迁移
160	paragraph	127	List Bullet		除猪的特殊逃跑循环外，所有怪物均主动发现并攻击进入范围的合法玩家；猪也会主动预警、冲锋并在袋底战斗。
161	paragraph	128	List Bullet		状态：栖息/巡逻→发现→预警→战斗追击→回巢→死亡/迁移；怪物不是被动木桩。
162	paragraph	129	List Bullet		同巢声响可联动；同一组首次攻击错开0–0.5秒，同组命中至少间隔0.15秒；跨组不提供保护。
163	paragraph	130	List Bullet		回巢时免疫硬控、获得60%减伤，1.5秒后每秒回复8%，但不是无敌；不允许无限风筝白嫖。
164	paragraph	131	List Bullet		普通怪死后在本区其他迁移位读秒重生，优先距死亡点30–55米，避开玩家12米和直接视野；无合法位每5秒重试。
165	paragraph	132	List Bullet		普通/飞行怪攻击不随时间增长；新刷生命按0/5/10/15分钟快照×1.00/1.05/1.10/1.15。首领、龙王、核心按各自HP/攻击/CD曲线成长。
166	paragraph	133	List Bullet		天劫吞没刷新节点即停止后续刷新；圈外存活怪连续覆盖60秒后消散，不迁入内圈堆积。
167	paragraph	134	Heading 2		11.2 机械原型完整表
168	table	34	23x14	普通/飞行怪攻击不随时间增长；新刷生命按0/5/10/15分钟快照×1.00/1.05/1.10/1.15。首领、龙王、核心按各自HP/攻击/CD曲线成长。 || 天劫吞没刷新节点即停止后续刷新；圈外存活怪连续覆盖60秒后消散，不迁入内圈堆积。 || 11.2 机械原型完整表	ID | 名称 | 层级 | 五行 | HP | 攻 | 攻速 | 移速 | 射程 | 发现 | 重生 | 前摇 | 后摇 | 弹速
169	paragraph	135	Normal		
170	table	35	23x12	普通/飞行怪攻击不随时间增长；新刷生命按0/5/10/15分钟快照×1.00/1.05/1.10/1.15。首领、龙王、核心按各自HP/攻击/CD曲线成长。 || 天劫吞没刷新节点即停止后续刷新；圈外存活怪连续覆盖60秒后消散，不迁入内圈堆积。 || 11.2 机械原型完整表	ID | 碰撞r | 碰撞h | 转向°/s | 加速s | 脱链边界 | HP阶段倍率 | 攻击阶段倍率 | 伤害形态 | 五行规则 | 命中类 | 归属
171	paragraph	136	Normal		
172	paragraph	137	Heading 3		11.2.1 怪物技能逐条工程表
173	table	36	9x11	天劫吞没刷新节点即停止后续刷新；圈外存活怪连续覆盖60秒后消散，不迁入内圈堆积。 || 11.2 机械原型完整表 || 11.2.1 怪物技能逐条工程表	技能ID | 使用者 | CD | 前摇 | 形状 | 伤害 | 附加规则 | 形态 | 五行 | 命中 | 归属
174	paragraph	138	Normal		
175	paragraph	139	Heading 2		11.3 核心BOSS六种签名机制
176	table	37	7x3	11.2 机械原型完整表 || 11.2.1 怪物技能逐条工程表 || 11.3 核心BOSS六种签名机制	ID | 名称 | 完整签名机制
177	paragraph	140	Normal		
178	paragraph	141	Heading 2		11.4 龙王与核心重生窗口
179	paragraph	142	List Bullet		龙王仅当死亡时刻<11:00才启动240秒重生；到期严格早于15:00。15:00仍存活者可继续击杀，龙宫被天劫完全覆盖后才进入5秒无敌退场且无掉落。
180	paragraph	143	List Bullet		核心BOSS仅当死亡时刻<14:00才启动300秒重生；下一只换庭。12:00雷眼后，非决赛庭存活BOSS可继续被击杀，直至该庭战斗区被圈边吞没才5秒撤庭并按生命比例迁至决赛庭。
181	paragraph	144	List Bullet		核心BOSS金币经验归末击；装备、技能书、宝石和地图主动落地后立即公开。雷暴击杀核心时无人获得金币经验，但公开掉落照常生成。
182	paragraph	145	List Bullet		核心BOSS拥有10米真视并共享给区域内玩家，死亡后10秒仍生效，防止隐身者无风险抢装，但不禁止其隐身或拾取。
183	paragraph	146	Heading 1		12 掉落、经济、商店、空投与黑山
184	paragraph	147	Heading 2		12.1 怪物掉落
185	table	38	11x8	核心BOSS拥有10米真视并共享给区域内玩家，死亡后10秒仍生效，防止隐身者无风险抢装，但不禁止其隐身或拾取。 || 12 掉落、经济、商店、空投与黑山 || 12.1 怪物掉落	来源 | 金币 | 经验 | 书 | 宝石 | 装备 | 通用主动 | G10
186	paragraph	148	Normal		
187	paragraph	149	List Bullet		怪物与核心BOSS金币经验只归最后伤害所有者；地面物立即公开，不设尾刀保护。世界击杀怪物时金币经验为0，但公开物品掉落仍滚动。
188	paragraph	150	List Bullet		龙王末击者五行克制龙王时，蓝装升紫、紫装升金、金装保持；升级后按对应五行主题权重重抽。猪只受双向五行伤害，不触发品质升档。
189	paragraph	151	List Bullet		定向掉落是隐藏规律：技能书有50%概率进入怪物倾向池，装备有35%概率进入倾向池；只改变同品质合法ID权重，不改变掉率和品质率；无合法项回退全局合法池。
190	paragraph	152	List Bullet		金箍棒G10只由核心BOSS独立5%额外掉落；龙王、普通金装池、黑山和商店均不生成G10。
191	paragraph	153	Heading 2		12.2 地面物、拾取与遗宝堆
192	table	39	11x3	定向掉落是隐藏规律：技能书有50%概率进入怪物倾向池，装备有35%概率进入倾向池；只改变同品质合法ID权重，不改变掉率和品质率；无合法项回退全局合法池。 || 金箍棒G10只由核心BOSS独立5%额外掉落；龙王、普通金装池、黑山和商店均不生成G10。 || 12.2 地面物、拾取与遗宝堆	类别 | 安全区寿命 | 天劫规则
193	paragraph	154	Normal		
194	paragraph	155	List Bullet		拾取距离2米且需直接视线；同一地面实例并发拾取时服务端接收序最小者成功。
195	paragraph	156	List Bullet		同一4米网格≥2件物品时复制为一个遗宝堆网络实体，但每件instance_id、时间、品质、销毁计时和账本保持独立；客户端每页12项。
196	paragraph	157	List Bullet		地面记录无硬删除上限；8192条报警、256复制簇软上限只触发分页和LOD，绝不因性能压力删装备或技能书。
197	paragraph	158	List Bullet		宝石进入HUD仓，不占格、不落地；技能书被学习即消耗；装备只能在商店卖出并销毁，不回到货架。
198	paragraph	159	Heading 2		12.3 六商店数量、时间窗与库存
199	table	40	7x4	地面记录无硬删除上限；8192条报警、256复制簇软上限只触发分页和LOD，绝不因性能压力删装备或技能书。 || 宝石进入HUD仓，不占格、不落地；技能书被学习即消耗；装备只能在商店卖出并销毁，不回到货架。 || 12.3 六商店数量、时间窗与库存	实例 | 类型 | 营业半开窗口 | 每窗开启事件
200	paragraph	160	Normal		
201	table	41	5x3	地面记录无硬删除上限；8192条报警、256复制簇软上限只触发分页和LOD，绝不因性能压力删装备或技能书。 || 宝石进入HUD仓，不占格、不落地；技能书被学习即消耗；装备只能在商店卖出并销毁，不回到货架。 || 12.3 六商店数量、时间窗与库存	店型 | 单实例单轮容量 | 价格与规则
202	paragraph	161	Normal		
203	paragraph	162	Normal		整局理论上架容量：白装58、蓝装46、紫装期望10.2（范围0–18）、技能宝石30、千里眼符18、照妖镜18。这是上架量，不保证售出。
204	paragraph	163	List Bullet		常态最多同时6家：土地公×2、鞋匠×2、太白×1、黑山×1。商店从16宏区×3微点中迁移，同类尽量异宏区且间距≥100米，不落天劫预告区、唯一通路或实体墙。
205	paragraph	164	List Bullet		打开界面不预留库存；购买提交时原子验证窗口、实例版本、商品、金币、生命、距离2.5米、直视、脱PVP 3秒和目标槽；售罄保持空格至下一轮。
206	paragraph	165	List Bullet		12:30黑山关闭；13:15鞋A关闭；14:00鞋B关闭；14:45土B关闭；15:00土A和太白迁入决赛庭；安全半径归零时两家同时关闭。
207	paragraph	166	List Bullet		15:00土地公A按正常概率补最后完整一轮，之后不再补货。鞋店关闭后仍可去土地公出售鞋。技能宝石只可在土地公按100金出售。
208	paragraph	167	List Bullet		商店不提供安全区；PVP战斗中不能开，受到玩家来源的实际生命/护盾伤害立即关闭；怪物或天劫伤害不设置PVP时间戳。
209	paragraph	168	Heading 2		12.4 太白换英雄
210	paragraph	169	List Bullet		引导开始时锁定选择，允许在3米商店系绳内移动；离开、玩家伤害、死亡或店关会取消，取消不扣金、不进入CD。
211	paragraph	170	List Bullet		提交顺序：重验→扣1500→启动120秒CD→清旧主动所有者绑定实体→替换英雄身体与五行→保持当前生命百分比至少1→保留等级/经验/金币/被动/宝石/装备/永久层和运行中的状态计时→换新专属并设READY→记账。
212	paragraph	171	List Bullet		换英雄不免费治疗、不净化负面状态。同英雄换回合法，但保留当前专属主动剩余CD；只有换成不同英雄时，新英雄专属主动设为READY。
213	paragraph	172	Heading 2		12.5 黑山老妖
214	table	42	5x4	提交顺序：重验→扣1500→启动120秒CD→清旧主动所有者绑定实体→替换英雄身体与五行→保持当前生命百分比至少1→保留等级/经验/金币/被动/宝石/装备/永久层和运行中的状态计时→换新专属并设READY→记账。 || 换英雄不免费治疗、不净化负面状态。同英雄换回合法，但保留当前专属主动剩余CD；只有换成不同英雄时，新英雄专属主动设为READY。 || 12.5 黑山老妖	赌局 | 普通 大赢/平/亏 | P10 大赢/平/亏 | 输入与结果
215	paragraph	173	Normal		
216	paragraph	174	Heading 2		12.6 空投与宝箱
217	table	43	41x2	换英雄不免费治疗、不净化负面状态。同英雄换回合法，但保留当前专属主动剩余CD；只有换成不同英雄时，新英雄专属主动设为READY。 || 12.5 黑山老妖 || 12.6 空投与宝箱	工程字段 | 唯一值 / 执行语义
218	paragraph	175	Normal		
219	paragraph	176	Heading 1		13 匹配、BOT、新手与断线
220	table	44	7x2	12.5 黑山老妖 || 12.6 空投与宝箱 || 13 匹配、BOT、新手与断线	系统 | 定案
221	paragraph	177	Normal		
222	paragraph	178	Heading 2		13.1 匹配工程字段
223	table	45	81x2	12.6 空投与宝箱 || 13 匹配、BOT、新手与断线 || 13.1 匹配工程字段	工程字段 | 唯一值 / 执行语义
224	paragraph	179	Normal		
225	paragraph	180	Heading 2		13.2 BOT工程字段
226	table	46	69x2	13 匹配、BOT、新手与断线 || 13.1 匹配工程字段 || 13.2 BOT工程字段	工程字段 | 唯一值 / 执行语义
227	paragraph	181	Normal		
228	paragraph	182	Heading 2		13.3 断线重连状态机
229	table	47	45x2	13.1 匹配工程字段 || 13.2 BOT工程字段 || 13.3 断线重连状态机	工程字段 | 唯一值 / 执行语义
230	paragraph	183	Normal		
231	paragraph	184	Heading 1		14 局外成长、图鉴、战报与商业化
232	paragraph	185	List Bullet		局外成长只形成身份、收藏和历史，不给予局内攻击、生命、移速、掉率、折扣、复活或额外候选。38英雄全部免费。
233	paragraph	186	List Bullet		修为轨道50级；经验来自名次、击杀、PVE里程碑和玩法行为；奖励为头像、头像框、称号、名片和纯外观。
234	paragraph	187	List Bullet		图鉴：38英雄、101技能（38专属+19通用+44被动）、48装备；状态为未发现/见过/用过/精通，只进不退。定向掉落权重不展示。
235	paragraph	188	List Bullet		最近20局战报由服务端结算快照生成；最多8个故事节点，只引用真实事件；不展示隐藏MMR、BOT身份和反作弊信号。
236	paragraph	189	List Bullet		首发只直接销售纯外观；无英雄抽卡、装备/技能抽卡、数值战令、广告复活、复活币、第四条命、付费候选位、微属性、付费掉率或真钱黑山。
237	paragraph	190	List Bullet		皮肤不得改变碰撞、攻击帧、实际高度、射程、预警几何、脚步响度、五行符号、迷雾识别或可见性；低端机降级不得改变玩法信息。
238	paragraph	191	Heading 2		14.1 局外系统工程字段
239	table	48	304x2	首发只直接销售纯外观；无英雄抽卡、装备/技能抽卡、数值战令、广告复活、复活币、第四条命、付费候选位、微属性、付费掉率或真钱黑山。 || 皮肤不得改变碰撞、攻击帧、实际高度、射程、预警几何、脚步响度、五行符号、迷雾识别或可见性；低端机降级不得改变玩法信息。 || 14.1 局外系统工程字段	工程字段 | 唯一值 / 执行语义
240	paragraph	192	Normal		
241	paragraph	193	Heading 2		14.2 图鉴与点赞工程字段
242	table	49	38x2	皮肤不得改变碰撞、攻击帧、实际高度、射程、预警几何、脚步响度、五行符号、迷雾识别或可见性；低端机降级不得改变玩法信息。 || 14.1 局外系统工程字段 || 14.2 图鉴与点赞工程字段	工程字段 | 唯一值 / 执行语义
243	paragraph	194	Normal		
244	paragraph	195	Heading 2		14.3 商业化开关
245	table	50	20x2	14.1 局外系统工程字段 || 14.2 图鉴与点赞工程字段 || 14.3 商业化开关	工程字段 | 唯一值 / 执行语义
246	paragraph	196	Normal		
247	paragraph	197	Heading 1		15 网络、后端、事务、回放与反作弊
248	paragraph	198	List Bullet		服务端20Hz权威模拟；近战斗AI20Hz、远AI5Hz、远召唤10Hz更新意图，但命中和伤害仍在权威tick结算。
249	paragraph	199	List Bullet		客户端只提交移动、普攻、主动、取消、交互和UI事务意图；伤害、CD、随机、碰撞、视野、物品、金币、库存与胜负不由客户端决定。
250	paragraph	200	List Bullet		所有购买、出售、拾取、技能书替换、主动替换、宝石分配、太白换人、黑山、真死与掉落使用幂等事务ID和服务端原子提交。
251	paragraph	201	List Bullet		回放保存根种子、分离随机流消耗、输入、伤害、死亡、拾取、交易、商店、怪物、天劫事件和5秒快照；同规则版本重放哈希必须一致。
252	paragraph	202	List Bullet		单局合作、救人、让资源、共同打BOSS、背叛、拉怪害人和治疗陌生人均合法。预组队判定只能基于跨局重复模式及设备/IP/匹配证据，不可单局自动处罚。
253	paragraph	203	List Bullet		第三次淘汰后观战延迟5秒，只显示目标当前直接可见画面与公开信息；不提供自由飞摄、背包、未发现商店或迷雾外实体。
254	paragraph	204	Heading 2		15.1 网络合同
255	table	51	27x2	单局合作、救人、让资源、共同打BOSS、背叛、拉怪害人和治疗陌生人均合法。预组队判定只能基于跨局重复模式及设备/IP/匹配证据，不可单局自动处罚。 || 第三次淘汰后观战延迟5秒，只显示目标当前直接可见画面与公开信息；不提供自由飞摄、背包、未发现商店或迷雾外实体。 || 15.1 网络合同	工程字段 | 唯一值 / 执行语义
256	paragraph	205	Normal		
257	paragraph	206	Heading 2		15.2 后端与账号合同
258	table	52	236x2	第三次淘汰后观战延迟5秒，只显示目标当前直接可见画面与公开信息；不提供自由飞摄、背包、未发现商店或迷雾外实体。 || 15.1 网络合同 || 15.2 后端与账号合同	工程字段 | 唯一值 / 执行语义
259	paragraph	207	List Bullet		端点级错误矩阵：括号内为retryable及重试前置条件；未列出的状态码禁止返回。所有写端点必须携带幂等键。
260	table	53	17x4	15.1 网络合同 || 15.2 后端与账号合同 || 端点级错误矩阵：括号内为retryable及重试前置条件；未列出的状态码禁止返回。所有写端点必须携带幂等键。	写端点 | 通用错误（HTTP 语义 retryable） | 端点特有错误 | 幂等冲突结果
261	paragraph	208	Normal		
262	paragraph	209	Heading 2		15.3 对局事务合同
263	table	54	44x2	15.2 后端与账号合同 || 端点级错误矩阵：括号内为retryable及重试前置条件；未列出的状态码禁止返回。所有写端点必须携带幂等键。 || 15.3 对局事务合同	工程字段 | 唯一值 / 执行语义
264	paragraph	210	Normal		
265	paragraph	211	Heading 2		15.4 确定性与随机合同
266	table	55	26x2	端点级错误矩阵：括号内为retryable及重试前置条件；未列出的状态码禁止返回。所有写端点必须携带幂等键。 || 15.3 对局事务合同 || 15.4 确定性与随机合同	工程字段 | 唯一值 / 执行语义
267	paragraph	212	Normal		
268	paragraph	213	Heading 2		15.5 随机流合同
269	table	56	19x2	15.3 对局事务合同 || 15.4 确定性与随机合同 || 15.5 随机流合同	工程字段 | 唯一值 / 执行语义
270	paragraph	214	Normal		
271	paragraph	215	Heading 2		15.6 回放、举报与反作弊
272	table	57	36x2	15.4 确定性与随机合同 || 15.5 随机流合同 || 15.6 回放、举报与反作弊	工程字段 | 唯一值 / 执行语义
273	paragraph	216	Normal		
274	paragraph	217	Heading 1		16 美术、怪物形象、音频、本地化与资产规范
275	paragraph	218	List Bullet		怪物38套概念形象已按机械角色绑定：普通近战10、普通远程4、飞行4、首领4、五行肥猪5、五行龙王5、核心BOSS6。形象皮肤不得复制或改写机械碰撞与数值。
276	paragraph	219	List Bullet		红鳞大蟒、黄狮精、如意真仙、玉面狐狸均为普通/远程单位，不属于肥猪；五行肥猪仅限金肥猪、木肥猪、水肥猪、火肥猪、土肥猪。
277	paragraph	220	List Bullet		3D生产需为每个单位提供模型、骨架、动画、碰撞代理、受击体、攻击/技能帧、LOD与材质预算。皮肤和概念图只决定外观，不决定碰撞。
278	paragraph	221	List Bullet		重要预警必须视觉+音频双表达；迷雾外声音最多给模糊方向，不得泄露精确身份/坐标；伏石内普通移动脚步对圈外静音，攻击/施法/受击后恢复。
279	paragraph	222	List Bullet		源音频48kHz/24bit WAV；移动端最大32 voice，PC最大48；致命预警、硬控、核心BOSS前摇和天劫提示不可被声道淘汰。
280	paragraph	223	List Bullet		中文为首发权威文本；UI字符串使用稳定key；禁止运行时解析展示文案；任何本地化必须保持数值、单位、五行符号和预警等级一致。
281	paragraph	224	Heading 2		16.1 怪物视觉映射
282	table	58	39x6	源音频48kHz/24bit WAV；移动端最大32 voice，PC最大48；致命预警、硬控、核心BOSS前摇和天劫提示不可被声道淘汰。 || 中文为首发权威文本；UI字符串使用稳定key；禁止运行时解析展示文案；任何本地化必须保持数值、单位、五行符号和预警等级一致。 || 16.1 怪物视觉映射	资产ID | 游戏名 | 机械角色 | 战斗模板 | 五行 | 状态
283	paragraph	225	Normal		
284	paragraph	226	Heading 3		16.1.1 38套怪物概念形象
285	paragraph	227	Normal		以下概念图与MVS资产ID一一对应，只锁定轮廓、气质、五行辨识和角色归属；最终3D模型仍须服从碰撞体、攻击前摇、受击体与LOD预算。
286	paragraph	228	Normal		
287	paragraph	229	Normal		
288	paragraph	230	Normal		
289	paragraph	231	Normal		
290	paragraph	232	Normal		
291	paragraph	233	Normal		
292	paragraph	234	Normal		
293	paragraph	235	List Bullet		概念资产入库清单：38套概念图必须补录源文件名与SHA-256并通过版权审查；G_CONCEPT_ASSET_MANIFEST未闭合前禁止对外发布使用该形象的任何物料。
294	table	59	39x6	16.1.1 38套怪物概念形象 || 以下概念图与MVS资产ID一一对应，只锁定轮廓、气质、五行辨识和角色归属；最终3D模型仍须服从碰撞体、攻击前摇、受击体与LOD预算。 || 概念资产入库清单：38套概念图必须补录源文件名与SHA-256并通过版权审查；G_CONCEPT_ASSET_MANIFEST未闭合前禁止对外发布使用该形象的任何物料。	资产ID | 游戏名 | 概念源文件名 | 源文件SHA-256 | 版权状态 | 派生3D资产
295	paragraph	236	Heading 2		16.2 音频规则与台账
296	table	60	104x11	以下概念图与MVS资产ID一一对应，只锁定轮廓、气质、五行辨识和角色归属；最终3D模型仍须服从碰撞体、攻击前摇、受击体与LOD预算。 || 概念资产入库清单：38套概念图必须补录源文件名与SHA-256并通过版权审查；G_CONCEPT_ASSET_MANIFEST未闭合前禁止对外发布使用该形象的任何物料。 || 16.2 音频规则与台账	audio_id | category | owner_id | trigger | spatial | max_distance_m | max_instances | priority | duck_db | min_variants | status
297	paragraph	237	Normal		
298	paragraph	238	Heading 2		16.3 美术资产台账
299	table	61	244x13	概念资产入库清单：38套概念图必须补录源文件名与SHA-256并通过版权审查；G_CONCEPT_ASSET_MANIFEST未闭合前禁止对外发布使用该形象的任何物料。 || 16.2 音频规则与台账 || 16.3 美术资产台账	asset_id | category | owner_id | display_name | deliverable | lod0_tri | lod1_tri | lod2_tri | bones_max | materials_max | source_texture | priority | status
300	paragraph	239	Normal		
301	paragraph	240	Heading 1		17 AI开发、性能与发布验收
302	table	62	1x1	16.2 音频规则与台账 || 16.3 美术资产台账 || 17 AI开发、性能与发布验收	AI开发纪律｜AI只能把本文转换为数据、代码、资源和测试；不得补写数值、发明默认值、把玩家文案当运行时规则，或为了实现方便添加绕过真实碰撞体的区域限制、终局显形等额外规则。
303	paragraph	241	Normal		
304	table	63	10x2	16.2 音频规则与台账 || 16.3 美术资产台账 || 17 AI开发、性能与发布验收	维度 | 固定要求
305	paragraph	242	Normal		
306	paragraph	243	Heading 2		17.1 固定发布门槛
307	table	64	153x2	16.3 美术资产台账 || 17 AI开发、性能与发布验收 || 17.1 固定发布门槛	工程字段 | 唯一值 / 执行语义
308	paragraph	244	Normal		
309	table	65	1x1	16.3 美术资产台账 || 17 AI开发、性能与发布验收 || 17.1 固定发布门槛	门槛状态释义｜本文的玩法、数值、几何、交互和工程口径均已定案。BLOCKING_PRERELEASE_ENGINE、BLOCKING_PRERELEASE_EXTERNAL与MONITOR_ONLY只表示实现后的验证阶段，不代表规则尚未确定，也不授权开发过程临时改写本文；若验证失败，必须形成可复现证据并回到同一真源版本化修订。
310	paragraph	245	Normal		
311	paragraph	246	Normal		
312	paragraph	247	Heading 1		附录A 全英雄与等级数值
313	paragraph	248	Heading 2		A.1 38英雄映射
314	table	66	39x9	17.1 固定发布门槛 || 附录A 全英雄与等级数值 || A.1 38英雄映射	ID | 英雄 | 模板 | 移动类 | 五行 | 专属 | L1攻/血/速 | L15攻/血/速 | 射程/攻速
315	paragraph	249	Normal		
316	paragraph	250	Heading 2		A.2 八种属性模板L1–L15
317	table	67	121x8	附录A 全英雄与等级数值 || A.1 38英雄映射 || A.2 八种属性模板L1–L15	模板 | 等级 | 攻击 | 生命 | 移速 | 射程m | 攻速次每秒 | 该级DPS
318	paragraph	251	Normal		
319	paragraph	252	Heading 1		附录B 全技能、被动与装备数据
320	paragraph	253	Normal		本附录补充玩家展示文本。实际机制以第6–8章的完整工程表为准；展示文本不得反向驱动运行时。
321	paragraph	254	Heading 2		B.1 161条中文展示文本
322	table	68	162x6	附录B 全技能、被动与装备数据 || 本附录补充玩家展示文本。实际机制以第6–8章的完整工程表为准；展示文本不得反向驱动运行时。 || B.1 161条中文展示文本	key | category | owner | skill_name | platform | text
323	paragraph	255	Normal		
324	paragraph	256	Heading 1		附录C 全怪物与定向掉落
325	paragraph	257	Heading 2		C.1 技能书隐藏倾向权重
326	table	69	45x8	B.1 161条中文展示文本 || 附录C 全怪物与定向掉落 || C.1 技能书隐藏倾向权重	被动ID | CORE | ELITE_DPS | ELITE_TANK | FLY | MEL | PIG | RNG
327	paragraph	258	Normal		
328	paragraph	259	Heading 2		C.2 装备隐藏倾向权重
329	table	70	49x10	附录C 全怪物与定向掉落 || C.1 技能书隐藏倾向权重 || C.2 装备隐藏倾向权重	装备ID | CORE | DRAGON_EARTH | DRAGON_FIRE | DRAGON_METAL | DRAGON_WATER | DRAGON_WOOD | ELITE_DPS | ELITE_TANK | PIG
330	paragraph	260	Normal		
331	paragraph	261	Heading 1		附录D 地图坐标、路网、墙体与POI
332	table	71	1x1	C.1 技能书隐藏倾向权重 || C.2 装备隐藏倾向权重 || 附录D 地图坐标、路网、墙体与POI	地图导入｜以下坐标为米制设计坐标。运行时导入时转换为毫米整数；实体身份使用命名空间+ID，source_label只作美术/关卡查找，不作运行时主键。
333	paragraph	262	Normal		
334	paragraph	263	Heading 2		D.1 边界与节点
335	table	72	22x2	C.2 装备隐藏倾向权重 || 附录D 地图坐标、路网、墙体与POI || D.1 边界与节点	序号 | 边界点(x,y)m
336	paragraph	264	Normal		
337	table	73	193x5	C.2 装备隐藏倾向权重 || 附录D 地图坐标、路网、墙体与POI || D.1 边界与节点	节点 | X | Y | Z | 属性
338	paragraph	265	Normal		
339	paragraph	266	Heading 2		D.2 路网边
340	table	74	406x8	附录D 地图坐标、路网、墙体与POI || D.1 边界与节点 || D.2 路网边	边ID | A | B | 类型 | 宽m | 长m | Nav | 方向
341	paragraph	267	Normal		
342	paragraph	268	Heading 2		D.3 实体墙多边形
343	table	75	48x6	D.1 边界与节点 || D.2 路网边 || D.3 实体墙多边形	墙ID | 类别 | Z0 | 高m | 顶点数 | 碰撞
344	paragraph	269	Normal		
345	table	76	76x3	D.1 边界与节点 || D.2 路网边 || D.3 实体墙多边形	墙ID | 顶点序号 | 有序顶点(x,y)m
346	paragraph	270	Normal		
347	paragraph	271	Heading 2		D.4 高台与坡道
348	table	77	4x7	D.2 路网边 || D.3 实体墙多边形 || D.4 高台与坡道	高台ID | 名称 | 顶高 | 眺望m | 顶面 | 侧壁 | 职责
349	paragraph	272	Normal		
350	table	78	4x2	D.2 路网边 || D.3 实体墙多边形 || D.4 高台与坡道	高台ID | 有序顶面顶点(x,y)m
351	paragraph	273	Normal		
352	table	79	7x8	D.2 路网边 || D.3 实体墙多边形 || D.4 高台与坡道	坡道ID | 高台 | 宽 | Z0 | Z1 | 中心线 | 插值 | 可走
353	paragraph	274	Normal		
354	paragraph	275	Heading 2		D.5 三庭完整设施
355	table	80	4x6	D.3 实体墙多边形 || D.4 高台与坡道 || D.5 三庭完整设施	庭ID | 名称 | 中心 | 有序边界 | 入口 | region_id
356	paragraph	276	Normal		
357	table	81	43x5	D.3 实体墙多边形 || D.4 高台与坡道 || D.5 三庭完整设施	庭ID | 设施类型 | 设施ID | 坐标m | 半径m
358	paragraph	277	Normal		
359	paragraph	278	Normal		
360	paragraph	279	Normal		惊蛰庭决赛圈与设施
361	paragraph	280	Normal		
362	paragraph	281	Normal		玄冥庭决赛圈与设施
363	paragraph	282	Normal		
364	paragraph	283	Normal		焚天庭决赛圈与设施
365	paragraph	284	Heading 2		D.6 出生宏区与80微位
366	table	82	41x3	玄冥庭决赛圈与设施 || 焚天庭决赛圈与设施 || D.6 出生宏区与80微位	宏区ID | 标签 | 微位ID
367	paragraph	285	Normal		
368	table	83	81x7	玄冥庭决赛圈与设施 || 焚天庭决赛圈与设施 || D.6 出生宏区与80微位	微位ID | 标签 | 坐标m | 朝向° | 宏区 | 出口节点 | region_id
369	paragraph	286	Normal		
370	paragraph	287	Heading 2		D.7 商店宏区与48微锚点
371	table	84	17x3	焚天庭决赛圈与设施 || D.6 出生宏区与80微位 || D.7 商店宏区与48微锚点	宏区ID | 标签 | 微点ID
372	paragraph	288	Normal		
373	table	85	49x5	焚天庭决赛圈与设施 || D.6 出生宏区与80微位 || D.7 商店宏区与48微锚点	微点ID | 标签 | 坐标m | 宏区 | region_id
374	paragraph	289	Normal		
375	paragraph	290	Heading 2		D.8 怪物槽、巢穴与迁移位
376	table	86	109x8	D.6 出生宏区与80微位 || D.7 商店宏区与48微锚点 || D.8 怪物槽、巢穴与迁移位	槽ID | 源标签 | 类型 | 圈层 | 巢穴 | 主坐标 | 3迁移位 | region_id
377	paragraph	291	Normal		
378	table	87	72x7	D.6 出生宏区与80微位 || D.7 商店宏区与48微锚点 || D.8 怪物槽、巢穴与迁移位	巢穴ID | 标签 | 类型 | 圈层 | 坐标 | 槽 | 起步区
379	paragraph	292	Normal		
380	table	88	6x2	D.6 出生宏区与80微位 || D.7 商店宏区与48微锚点 || D.8 怪物槽、巢穴与迁移位	联动A | 联动B
381	paragraph	293	Normal		
382	paragraph	294	Heading 2		D.9 猪窝、龙宫、首领场、伏石、关口与宝箱
383	table	89	13x8	D.7 商店宏区与48微锚点 || D.8 怪物槽、巢穴与迁移位 || D.9 猪窝、龙宫、首领场、伏石、关口与宝箱	猪窝ID | 入口 | 初始 | 袋底 | 宽 | 长 | 逃跑路径 | region_id
384	paragraph	295	Normal		
385	table	90	6x4	D.7 商店宏区与48微锚点 || D.8 怪物槽、巢穴与迁移位 || D.9 猪窝、龙宫、首领场、伏石、关口与宝箱	龙宫ID | 标签 | 坐标 | region_id
386	paragraph	296	Normal		
387	table	91	5x4	D.7 商店宏区与48微锚点 || D.8 怪物槽、巢穴与迁移位 || D.9 猪窝、龙宫、首领场、伏石、关口与宝箱	首领场ID | 标签 | 坐标 | region_id
388	paragraph	297	Normal		
389	table	92	25x5	D.7 商店宏区与48微锚点 || D.8 怪物槽、巢穴与迁移位 || D.9 猪窝、龙宫、首领场、伏石、关口与宝箱	伏石ID | 标签 | 坐标 | 半径 | region_id
390	paragraph	298	Normal		
391	table	93	5x3	D.7 商店宏区与48微锚点 || D.8 怪物槽、巢穴与迁移位 || D.9 猪窝、龙宫、首领场、伏石、关口与宝箱	关口ID | 坐标 | region_id
392	paragraph	299	Normal		
393	table	94	168x3	D.7 商店宏区与48微锚点 || D.8 怪物槽、巢穴与迁移位 || D.9 猪窝、龙宫、首领场、伏石、关口与宝箱	宝箱点ID | 坐标 | region_id
394	paragraph	300	Normal		
395	paragraph	301	Heading 1		附录E 运行时工程字段、枚举、事件与资产台账
396	paragraph	302	Normal		以下表把正文不宜展开的执行字段收进同一文档，构成本文内部的规范化工程附录。
397	paragraph	303	Heading 2		E.1 单局与致死总合同
398	table	95	140x2	附录E 运行时工程字段、枚举、事件与资产台账 || 以下表把正文不宜展开的执行字段收进同一文档，构成本文内部的规范化工程附录。 || E.1 单局与致死总合同	工程字段 | 唯一值 / 执行语义
399	paragraph	304	Normal		
400	paragraph	305	Heading 2		E.2 生命、等级与复活
401	table	96	151x2	以下表把正文不宜展开的执行字段收进同一文档，构成本文内部的规范化工程附录。 || E.1 单局与致死总合同 || E.2 生命、等级与复活	工程字段 | 唯一值 / 执行语义
402	paragraph	306	Normal		
403	paragraph	307	Heading 2		E.3 战斗与伤害
404	table	97	183x2	E.1 单局与致死总合同 || E.2 生命、等级与复活 || E.3 战斗与伤害	工程字段 | 唯一值 / 执行语义
405	paragraph	308	Normal		
406	paragraph	309	Heading 2		E.4 战斗解析
407	table	98	16x2	E.2 生命、等级与复活 || E.3 战斗与伤害 || E.4 战斗解析	工程字段 | 唯一值 / 执行语义
408	paragraph	310	Normal		
409	paragraph	311	Heading 2		E.5 五行
410	table	99	16x2	E.3 战斗与伤害 || E.4 战斗解析 || E.5 五行	工程字段 | 唯一值 / 执行语义
411	paragraph	312	Normal		
412	paragraph	313	Heading 2		E.6 输入
413	table	100	59x2	E.4 战斗解析 || E.5 五行 || E.6 输入	工程字段 | 唯一值 / 执行语义
414	paragraph	314	Normal		
415	paragraph	315	Heading 2		E.7 视野与信息态
416	table	101	71x2	E.5 五行 || E.6 输入 || E.7 视野与信息态	工程字段 | 唯一值 / 执行语义
417	paragraph	316	Normal		
418	paragraph	317	Heading 2		E.8 移动、飞行、高台与动态实体
419	table	102	70x2	E.6 输入 || E.7 视野与信息态 || E.8 移动、飞行、高台与动态实体	工程字段 | 唯一值 / 执行语义
420	paragraph	318	Normal		
421	paragraph	319	Heading 2		E.9 动态实体放置
422	table	103	17x2	E.7 视野与信息态 || E.8 移动、飞行、高台与动态实体 || E.9 动态实体放置	工程字段 | 唯一值 / 执行语义
423	paragraph	320	Normal		
424	paragraph	321	Heading 2		E.10 召唤物
425	table	104	56x2	E.8 移动、飞行、高台与动态实体 || E.9 动态实体放置 || E.10 召唤物	工程字段 | 唯一值 / 执行语义
426	paragraph	322	Normal		
427	paragraph	323	Heading 2		E.11 天劫
428	table	105	46x2	E.9 动态实体放置 || E.10 召唤物 || E.11 天劫	工程字段 | 唯一值 / 执行语义
429	paragraph	324	Normal		
430	paragraph	325	Heading 2		E.12 怪物AI
431	table	106	61x2	E.10 召唤物 || E.11 天劫 || E.12 怪物AI	工程字段 | 唯一值 / 执行语义
432	paragraph	326	Normal		
433	paragraph	327	Heading 2		E.13 怪物战斗
434	table	107	142x2	E.11 天劫 || E.12 怪物AI || E.13 怪物战斗	工程字段 | 唯一值 / 执行语义
435	paragraph	328	Normal		
436	paragraph	329	Heading 2		E.14 经济掉落
437	table	108	87x2	E.12 怪物AI || E.13 怪物战斗 || E.14 经济掉落	工程字段 | 唯一值 / 执行语义
438	paragraph	330	Normal		
439	paragraph	331	Heading 2		E.15 经济效果
440	table	109	40x2	E.13 怪物战斗 || E.14 经济掉落 || E.15 经济效果	工程字段 | 唯一值 / 执行语义
441	paragraph	332	Normal		
442	paragraph	333	Heading 2		E.16 地面物
443	table	110	53x2	E.14 经济掉落 || E.15 经济效果 || E.16 地面物	工程字段 | 唯一值 / 执行语义
444	paragraph	334	Normal		
445	paragraph	335	Heading 2		E.17 商店
446	table	111	240x2	E.15 经济效果 || E.16 地面物 || E.17 商店	工程字段 | 唯一值 / 执行语义
447	paragraph	336	Normal		
448	paragraph	337	Heading 2		E.18 黑山
449	table	112	79x2	E.16 地面物 || E.17 商店 || E.18 黑山	工程字段 | 唯一值 / 执行语义
450	paragraph	338	Normal		
451	paragraph	339	Heading 2		E.19 空投
452	table	113	41x2	E.17 商店 || E.18 黑山 || E.19 空投	工程字段 | 唯一值 / 执行语义
453	paragraph	340	Normal		
454	paragraph	341	Heading 2		E.20 UI流程
455	table	114	30x2	E.18 黑山 || E.19 空投 || E.20 UI流程	工程字段 | 唯一值 / 执行语义
456	paragraph	342	Normal		
457	paragraph	343	Heading 2		E.21 状态机
458	table	115	96x2	E.19 空投 || E.20 UI流程 || E.21 状态机	工程字段 | 唯一值 / 执行语义
459	paragraph	344	Normal		
460	paragraph	345	Heading 2		E.22 同tick事件顺序
461	table	116	9x2	E.20 UI流程 || E.21 状态机 || E.22 同tick事件顺序	工程字段 | 唯一值 / 执行语义
462	paragraph	346	Normal		
463	paragraph	347	Heading 2		E.23 闭合枚举
464	table	117	46x2	E.21 状态机 || E.22 同tick事件顺序 || E.23 闭合枚举	工程字段 | 唯一值 / 执行语义
465	paragraph	348	Normal		
466	paragraph	349	Heading 2		E.24 设置
467	table	118	99x2	E.22 同tick事件顺序 || E.23 闭合枚举 || E.24 设置	工程字段 | 唯一值 / 执行语义
468	paragraph	350	Normal		
469	paragraph	351	Heading 2		E.25 埋点
470	table	119	239x2	E.23 闭合枚举 || E.24 设置 || E.25 埋点	工程字段 | 唯一值 / 执行语义
471	paragraph	352	Normal		
472	paragraph	353	Heading 2		E.26 主动技能强类型运行时载荷
473	paragraph	354	Normal		本表是57项主动的运行时权威。runtime_payload_json中的每个值均带显式类型标签；内容编译器只读取本表，禁止解析§6的自然语言或分号字符串。未知字段、重复字段、类型不符或缺少必填字段均使内容构建失败。
474	table	120	58x2	E.25 埋点 || E.26 主动技能强类型运行时载荷 || 本表是57项主动的运行时权威。runtime_payload_json中的每个值均带显式类型标签；内容编译器只读取本表，禁止解析§6的自然语言或分号字符串。未知字段、重复字段、类型不符或缺少必填字段均使内容构建失败。	active_id | runtime_payload_json
475	paragraph	355	Heading 2		E.27 H009被动效果倍率精确白名单
476	table	121	45x3	E.26 主动技能强类型运行时载荷 || 本表是57项主动的运行时权威。runtime_payload_json中的每个值均带显式类型标签；内容编译器只读取本表，禁止解析§6的自然语言或分号字符串。未知字段、重复字段、类型不符或缺少必填字段均使内容构建失败。 || E.27 H009被动效果倍率精确白名单	被动ID | H009允许翻倍字段 | 变换类型
477	paragraph	356	Heading 2		E.28 数值类型、单位与容器系统
478	table	122	13x2	本表是57项主动的运行时权威。runtime_payload_json中的每个值均带显式类型标签；内容编译器只读取本表，禁止解析§6的自然语言或分号字符串。未知字段、重复字段、类型不符或缺少必填字段均使内容构建失败。 || E.27 H009被动效果倍率精确白名单 || E.28 数值类型、单位与容器系统	工程字段 | 唯一值 / 执行语义
479	paragraph	357	Heading 2		E.29 公式DSL与AST合同
480	table	123	10x2	E.27 H009被动效果倍率精确白名单 || E.28 数值类型、单位与容器系统 || E.29 公式DSL与AST合同	工程字段 | 唯一值 / 执行语义
481	paragraph	358	Heading 2		E.30 主动效果逐类型字段矩阵
482	paragraph	359	List Bullet		基础结构族替代单一common_required：所有类型必含BASE族；含伤害者必含damage_events[]或单事件DAMAGE族。下表为57种effect_type的闭合字段集，三段语义：未标注者必填；标注'允许缺省'者可省略；矩阵外字段一律禁止出现。违反任一条即构建失败。
483	table	124	56x2	E.29 公式DSL与AST合同 || E.30 主动效果逐类型字段矩阵 || 基础结构族替代单一common_required：所有类型必含BASE族；含伤害者必含damage_events[]或单事件DAMAGE族。下表为57种effect_type的闭合字段集，三段语义：未标注者必填；标注'允许缺省'者可省略；矩阵外字段一律禁止出现。违反任一条即构建失败。	effect_type | 闭合字段集（除schema_version/payload_sha256外）
484	table	125	7x2	E.29 公式DSL与AST合同 || E.30 主动效果逐类型字段矩阵 || 基础结构族替代单一common_required：所有类型必含BASE族；含伤害者必含damage_events[]或单事件DAMAGE族。下表为57种effect_type的闭合字段集，三段语义：未标注者必填；标注'允许缺省'者可省略；矩阵外字段一律禁止出现。违反任一条即构建失败。	工程字段 | 唯一值 / 执行语义
485	paragraph	360	Heading 2		E.31 被动技能强类型运行时载荷（44项）
486	paragraph	361	List Bullet		运行时唯一权威。第7章工程数值列为本表的单向投影，运行时禁止解析。
487	table	126	45x2	基础结构族替代单一common_required：所有类型必含BASE族；含伤害者必含damage_events[]或单事件DAMAGE族。下表为57种effect_type的闭合字段集，三段语义：未标注者必填；标注'允许缺省'者可省略；矩阵外字段一律禁止出现。违反任一条即构建失败。 || E.31 被动技能强类型运行时载荷（44项） || 运行时唯一权威。第7章工程数值列为本表的单向投影，运行时禁止解析。	passive_id | runtime_payload_json
488	table	127	6x2	基础结构族替代单一common_required：所有类型必含BASE族；含伤害者必含damage_events[]或单事件DAMAGE族。下表为57种effect_type的闭合字段集，三段语义：未标注者必填；标注'允许缺省'者可省略；矩阵外字段一律禁止出现。违反任一条即构建失败。 || E.31 被动技能强类型运行时载荷（44项） || 运行时唯一权威。第7章工程数值列为本表的单向投影，运行时禁止解析。	工程字段 | 唯一值 / 执行语义
489	paragraph	362	Heading 2		E.32 装备强类型运行时载荷（48项）
490	paragraph	363	List Bullet		运行时唯一权威。第8章属性与效果列为本表的单向投影，运行时禁止解析。
491	table	128	49x2	运行时唯一权威。第7章工程数值列为本表的单向投影，运行时禁止解析。 || E.32 装备强类型运行时载荷（48项） || 运行时唯一权威。第8章属性与效果列为本表的单向投影，运行时禁止解析。	equipment_id | runtime_payload_json
492	paragraph	364	Heading 2		E.33 怪物技能强类型运行时载荷
493	table	129	18x2	E.32 装备强类型运行时载荷（48项） || 运行时唯一权威。第8章属性与效果列为本表的单向投影，运行时禁止解析。 || E.33 怪物技能强类型运行时载荷	工程字段 | 唯一值 / 执行语义
494	table	130	15x2	E.32 装备强类型运行时载荷（48项） || 运行时唯一权威。第8章属性与效果列为本表的单向投影，运行时禁止解析。 || E.33 怪物技能强类型运行时载荷	monster_skill_id | runtime_payload_json
495	paragraph	365	Heading 2		E.34 召唤物强类型运行时载荷
496	paragraph	366	List Bullet		运行时唯一权威；E.10保留全局继承与AI规则，逐原型战斗数值以本表为准。
497	table	131	8x2	E.33 怪物技能强类型运行时载荷 || E.34 召唤物强类型运行时载荷 || 运行时唯一权威；E.10保留全局继承与AI规则，逐原型战斗数值以本表为准。	summon_archetype | runtime_payload_json
498	paragraph	367	Heading 2		E.35 H009快照语义、字段饱和与区域叠加
499	table	132	16x2	E.34 召唤物强类型运行时载荷 || 运行时唯一权威；E.10保留全局继承与AI规则，逐原型战斗数值以本表为准。 || E.35 H009快照语义、字段饱和与区域叠加	工程字段 | 唯一值 / 执行语义
500	paragraph	368	Heading 2		E.36 第二轮关联扩散审计修订裁决记录（108—170）
501	table	133	64x4	运行时唯一权威；E.10保留全局继承与AI规则，逐原型战斗数值以本表为准。 || E.35 H009快照语义、字段饱和与区域叠加 || E.36 第二轮关联扩散审计修订裁决记录（108—170）	编号 | 级别 | 裁决 | 落点
502	paragraph	369	Heading 2		E.37 第三轮收敛审计修订记录（171—179）
503	table	134	10x4	E.35 H009快照语义、字段饱和与区域叠加 || E.36 第二轮关联扩散审计修订裁决记录（108—170） || E.37 第三轮收敛审计修订记录（171—179）	编号 | 级别 | 发现的漏洞 | 修复裁决与落点
