"FullName","Length","LastWriteTime"
"E:\angsa\angsa_data\Games\JourneyWestGreatBrawl\三命无常_工程真源定稿_v4.docx","20875292","2026/7/21 11:37:03"
"E:\angsa\angsa_data\Games\JourneyWestGreatBrawl\西游大乱斗_工程真源候选包_v2\00_跨文档冲突审计与权威索引_v1.txt","6341","2026/7/18 7:40:18"
"E:\angsa\angsa_data\Games\JourneyWestGreatBrawl\西游大乱斗_工程真源候选包_v2\01_西游大乱斗_游戏策划真源_v4.txt","11549","2026/7/18 7:40:18"
"E:\angsa\angsa_data\Games\JourneyWestGreatBrawl\西游大乱斗_工程真源候选包_v2\02_百眼迷城_地图工程真源_v2.txt","5953","2026/7/18 7:40:18"
"E:\angsa\angsa_data\Games\JourneyWestGreatBrawl\西游大乱斗_工程真源候选包_v2\03_PVE怪物图鉴与完整数值_v2.txt","5974","2026/7/18 7:40:18"
"E:\angsa\angsa_data\Games\JourneyWestGreatBrawl\西游大乱斗_工程真源候选包_v2\03_TTK验证输出_v2.txt","4547","2026/7/18 7:35:12"
"E:\angsa\angsa_data\Games\JourneyWestGreatBrawl\西游大乱斗_工程真源候选包_v2\03_怪物TTK与威胁验证_v2.py","4343","2026/7/18 7:34:56"
"E:\angsa\angsa_data\Games\JourneyWestGreatBrawl\西游大乱斗_工程真源候选包_v2\04_经济供给与玩家驱动生态模型_v4.py","16950","2026/7/18 7:32:02"
"E:\angsa\angsa_data\Games\JourneyWestGreatBrawl\西游大乱斗_工程真源候选包_v2\04_经济模拟验证报告_v4.txt","4540","2026/7/18 7:34:04"
"E:\angsa\angsa_data\Games\JourneyWestGreatBrawl\西游大乱斗_工程真源候选包_v2\05_技能装备交互与异常矩阵_v2.txt","5346","2026/7/18 7:38:50"
"E:\angsa\angsa_data\Games\JourneyWestGreatBrawl\西游大乱斗_工程真源候选包_v2\06_服务端与客户端工程数据字典_v1.txt","4710","2026/7/18 6:28:08"
"E:\angsa\angsa_data\Games\JourneyWestGreatBrawl\西游大乱斗_工程真源候选包_v2\07_灰盒与真人测试执行清单_v1.txt","3163","2026/7/18 7:40:18"
"E:\angsa\angsa_data\Games\JourneyWestGreatBrawl\西游大乱斗_工程真源候选包_v2\08_最终决策记录与未验证风险_v1.txt","4885","2026/7/18 7:40:18"
"E:\angsa\angsa_data\Games\JourneyWestGreatBrawl\西游大乱斗_工程真源候选包_v2\09_成熟地图参考审计_v1.txt","3065","2026/7/18 7:37:46"
"E:\angsa\angsa_data\Games\JourneyWestGreatBrawl\西游大乱斗_工程真源候选包_v2\10_v1问题逐条关闭表_v1.txt","8332","2026/7/18 7:37:12"
"E:\angsa\angsa_data\Games\JourneyWestGreatBrawl\西游大乱斗_工程真源候选包_v2\consistency_check.py","3586","2026/7/18 7:40:46"
"E:\angsa\angsa_data\Games\JourneyWestGreatBrawl\西游大乱斗_工程真源候选包_v2\map_data_v2.py","45610","2026/7/18 7:25:34"
"E:\angsa\angsa_data\Games\JourneyWestGreatBrawl\西游大乱斗_工程真源候选包_v2\patch_docs_v2.py","5952","2026/7/18 7:40:08"
"E:\angsa\angsa_data\Games\JourneyWestGreatBrawl\西游大乱斗_工程真源候选包_v2\地图输出\map_edges_840.csv","8541","2026/7/18 7:25:50"
"E:\angsa\angsa_data\Games\JourneyWestGreatBrawl\西游大乱斗_工程真源候选包_v2\地图输出\map_engineering_840.json","154889","2026/7/18 7:25:50"
"E:\angsa\angsa_data\Games\JourneyWestGreatBrawl\西游大乱斗_工程真源候选包_v2\地图输出\map_nodes_840.csv","3633","2026/7/18 7:25:50"
"E:\angsa\angsa_data\Games\JourneyWestGreatBrawl\西游大乱斗_工程真源候选包_v2\地图输出\map_validation_report_v2.txt","3148","2026/7/18 7:26:10"
"E:\angsa\angsa_data\Games\JourneyWestGreatBrawl\西游大乱斗_工程真源候选包_v2\地图输出\百眼迷城_760_840_960对照图_v2.png","384965","2026/7/18 7:26:04"
"E:\angsa\angsa_data\Games\JourneyWestGreatBrawl\西游大乱斗_工程真源候选包_v2\地图输出\百眼迷城_840米灰盒总图_v2.png","531025","2026/7/18 7:25:52"
"E:\angsa\angsa_data\Games\JourneyWestGreatBrawl\西游大乱斗_工程真源候选包_v2\地图输出\百眼迷城_840米灰盒总图_v2.svg","254675","2026/7/18 7:25:52"
"E:\angsa\angsa_data\Games\JourneyWestGreatBrawl\西游大乱斗_工程真源候选包_v2\地图输出\分层_出生.png","395809","2026/7/18 7:26:00"
"E:\angsa\angsa_data\Games\JourneyWestGreatBrawl\西游大乱斗_工程真源候选包_v2\地图输出\分层_伏石.png","391508","2026/7/18 7:26:00"
"E:\angsa\angsa_data\Games\JourneyWestGreatBrawl\西游大乱斗_工程真源候选包_v2\地图输出\分层_路网墙体.png","464383","2026/7/18 7:25:58"
"E:\angsa\angsa_data\Games\JourneyWestGreatBrawl\西游大乱斗_工程真源候选包_v2\地图输出\分层_商店.png","387477","2026/7/18 7:25:58"
"E:\angsa\angsa_data\Games\JourneyWestGreatBrawl\西游大乱斗_工程真源候选包_v2\地图输出\分层_资源.png","397843","2026/7/18 7:25:58"
"E:\angsa\angsa_data\Games\JourneyWestGreatBrawl\西游大乱斗_工程真源候选包_v2\地图输出\决赛庭圈心_焚天庭.png","544803","2026/7/18 7:25:56"
"E:\angsa\angsa_data\Games\JourneyWestGreatBrawl\西游大乱斗_工程真源候选包_v2\地图输出\决赛庭圈心_惊蛰庭.png","545051","2026/7/18 7:25:54"
"E:\angsa\angsa_data\Games\JourneyWestGreatBrawl\西游大乱斗_工程真源候选包_v2\地图输出\决赛庭圈心_玄冥庭.png","543469","2026/7/18 7:25:56"
"E:\angsa\angsa_data\Games\JourneyWestGreatBrawl\西游大乱斗_工程真源候选包_v2\地图输出\区块放大_百足城_v2.png","183754","2026/7/18 7:26:08"
"E:\angsa\angsa_data\Games\JourneyWestGreatBrawl\西游大乱斗_工程真源候选包_v2\地图输出\区块放大_断金坊_v2.png","182637","2026/7/18 7:26:04"
"E:\angsa\angsa_data\Games\JourneyWestGreatBrawl\西游大乱斗_工程真源候选包_v2\地图输出\区块放大_烬水市_v2.png","171014","2026/7/18 7:26:08"
"E:\angsa\angsa_data\Games\JourneyWestGreatBrawl\西游大乱斗_工程真源候选包_v2\地图输出\区块放大_龙脊渊_v2.png","156917","2026/7/18 7:26:06"
"E:\angsa\angsa_data\Games\JourneyWestGreatBrawl\西游大乱斗_工程真源候选包_v2\地图输出\区块放大_迷魂田_v2.png","137181","2026/7/18 7:26:10"
"E:\angsa\angsa_data\Games\JourneyWestGreatBrawl\西游大乱斗_工程真源候选包_v2\地图输出\区块放大_万劫三庭_v2.png","222186","2026/7/18 7:26:10"
"E:\angsa\angsa_data\Games\JourneyWestGreatBrawl\西游大乱斗_工程真源候选包_v2\地图输出\区块放大_蛛丝峡_v2.png","163198","2026/7/18 7:26:06"
"E:\angsa\angsa_data\Games\JourneyWestGreatBrawl\西游大乱斗_工程真源候选包_v2\地图输出\天劫阶段覆盖图_v2.png","629606","2026/7/18 7:25:52"
"E:\angsa\angsa_data\Games\JourneyWestGreatBrawl\西游大乱斗_工程真源候选包_v2\权威引用文件\技能表完整版_v1.txt","56239","2026/7/18 1:29:26"
"E:\angsa\angsa_data\Games\JourneyWestGreatBrawl\西游大乱斗_工程真源候选包_v2\权威引用文件\经济与成长数值_v1.txt","13728","2026/7/18 1:48:26"
"E:\angsa\angsa_data\Games\JourneyWestGreatBrawl\西游大乱斗_工程真源候选包_v2\权威引用文件\局外系统与BOT_v1.txt","11685","2026/7/17 21:54:00"
"E:\angsa\angsa_data\Games\JourneyWestGreatBrawl\西游大乱斗_工程真源候选包_v2\权威引用文件\平衡修订与决策记录_v1.txt","50881","2026/7/18 3:48:58"
"E:\angsa\angsa_data\Games\JourneyWestGreatBrawl\西游大乱斗_工程真源候选包_v2\权威引用文件\十一大流派与玩法画像_v1.txt","13393","2026/7/18 1:29:26"
"E:\angsa\angsa_data\Games\JourneyWestGreatBrawl\西游大乱斗_工程真源候选包_v2\权威引用文件\西游大乱斗_底层规则与工程真源补完稿_v1.txt","52361","2026/7/18 6:56:36"
"E:\angsa\angsa_data\Games\JourneyWestGreatBrawl\西游大乱斗_工程真源候选包_v2\权威引用文件\游戏策划定稿_v3.txt","44296","2026/7/18 1:48:26"
"E:\angsa\angsa_data\Games\JourneyWestGreatBrawl\西游大乱斗_工程真源候选包_v2\权威引用文件\装备系统完整设计_v1.txt","15654","2026/7/18 1:33:20"
"E:\angsa\angsa_data\Games\JourneyWestGreatBrawl\西游大乱斗_工程真源候选包_v2\一致性检查报告.txt","1182","2026/7/18 7:40:56"
"E:\angsa\angsa_data\Games\JourneyWestGreatBrawl\野怪原型图\巴山虎.png","3112970","2026/7/17 20:13:14"
"E:\angsa\angsa_data\Games\JourneyWestGreatBrawl\野怪原型图\碧水金睛兽（飞行）.png","3340181","2026/7/18 17:37:12"
"E:\angsa\angsa_data\Games\JourneyWestGreatBrawl\野怪原型图\苍狼精.png","3093455","2026/7/17 20:20:26"
"E:\angsa\angsa_data\Games\JourneyWestGreatBrawl\野怪原型图\超级BOSS白鹿魔王.png","2115872","2026/7/18 20:47:10"
"E:\angsa\angsa_data\Games\JourneyWestGreatBrawl\野怪原型图\超级BOSS地涌夫人.png","2264980","2026/7/18 20:47:38"
"E:\angsa\angsa_data\Games\JourneyWestGreatBrawl\野怪原型图\超级BOSS九灵元圣.png","723972","2026/7/18 20:47:44"
"E:\angsa\angsa_data\Games\JourneyWestGreatBrawl\野怪原型图\超级BOSS辟尘大王.png","2332624","2026/7/18 20:46:26"
"E:\angsa\angsa_data\Games\JourneyWestGreatBrawl\野怪原型图\超级BOSS辟寒大王.png","2190421","2026/7/18 20:47:12"
"E:\angsa\angsa_data\Games\JourneyWestGreatBrawl\野怪原型图\超级BOSS辟暑大王.png","2351861","2026/7/18 20:47:08"
"E:\angsa\angsa_data\Games\JourneyWestGreatBrawl\野怪原型图\刁钻古怪.png","3157972","2026/7/17 20:10:40"
"E:\angsa\angsa_data\Games\JourneyWestGreatBrawl\野怪原型图\肥猪（火）.png","3670205","2026/7/18 19:38:24"
"E:\angsa\angsa_data\Games\JourneyWestGreatBrawl\野怪原型图\肥猪（金）.png","3937501","2026/7/18 19:38:44"
"E:\angsa\angsa_data\Games\JourneyWestGreatBrawl\野怪原型图\肥猪（木）.png","3957729","2026/7/18 19:38:40"
"E:\angsa\angsa_data\Games\JourneyWestGreatBrawl\野怪原型图\肥猪（水）.png","4525353","2026/7/18 19:39:54"
"E:\angsa\angsa_data\Games\JourneyWestGreatBrawl\野怪原型图\肥猪（土）.png","4338379","2026/7/18 19:58:32"
"E:\angsa\angsa_data\Games\JourneyWestGreatBrawl\野怪原型图\古怪刁钻.png","3454192","2026/7/17 20:18:24"
"E:\angsa\angsa_data\Games\JourneyWestGreatBrawl\野怪原型图\红鳞大蟒.png","4345861","2026/7/17 20:42:46"
"E:\angsa\angsa_data\Games\JourneyWestGreatBrawl\野怪原型图\虎精小妖.png","3379373","2026/7/17 20:20:06"
"E:\angsa\angsa_data\Games\JourneyWestGreatBrawl\野怪原型图\黄狮精.png","4603605","2026/7/17 20:40:04"
"E:\angsa\angsa_data\Games\JourneyWestGreatBrawl\野怪原型图\晦月魔君（飞行）.png","3978531","2026/7/18 17:44:02"
"E:\angsa\angsa_data\Games\JourneyWestGreatBrawl\野怪原型图\混天大圣（飞行）.png","4741823","2026/7/18 17:47:16"
"E:\angsa\angsa_data\Games\JourneyWestGreatBrawl\野怪原型图\火鸦精.png","3434348","2026/7/17 20:30:54"
"E:\angsa\angsa_data\Games\JourneyWestGreatBrawl\野怪原型图\孔雀公主（飞行）.png","4296090","2026/7/18 17:32:16"
"E:\angsa\angsa_data\Games\JourneyWestGreatBrawl\野怪原型图\龙王（火）.png","5121914","2026/7/18 18:14:14"
"E:\angsa\angsa_data\Games\JourneyWestGreatBrawl\野怪原型图\龙王（金）.png","5078636","2026/7/18 18:09:10"
"E:\angsa\angsa_data\Games\JourneyWestGreatBrawl\野怪原型图\龙王（木）.png","5028786","2026/7/18 18:22:18"
"E:\angsa\angsa_data\Games\JourneyWestGreatBrawl\野怪原型图\龙王（水）.png","5042031","2026/7/18 18:12:40"
"E:\angsa\angsa_data\Games\JourneyWestGreatBrawl\野怪原型图\龙王（土）.png","5346700","2026/7/18 18:34:54"
"E:\angsa\angsa_data\Games\JourneyWestGreatBrawl\野怪原型图\南山大王（精英怪）.png","3273534","2026/7/17 20:54:00"
"E:\angsa\angsa_data\Games\JourneyWestGreatBrawl\野怪原型图\如意真仙.png","3489347","2026/7/17 20:49:24"
"E:\angsa\angsa_data\Games\JourneyWestGreatBrawl\野怪原型图\蛇精小妖.png","3609894","2026/7/17 20:32:48"
"E:\angsa\angsa_data\Games\JourneyWestGreatBrawl\野怪原型图\树鬼.png","4055622","2026/7/17 20:26:58"
"E:\angsa\angsa_data\Games\JourneyWestGreatBrawl\野怪原型图\特处士（精英怪）.png","2795404","2026/7/17 20:36:38"
"E:\angsa\angsa_data\Games\JourneyWestGreatBrawl\野怪原型图\熊山君（精英怪）.png","2988098","2026/7/17 20:39:04"
"E:\angsa\angsa_data\Games\JourneyWestGreatBrawl\野怪原型图\倚海龙.png","2863010","2026/7/17 20:15:34"
"E:\angsa\angsa_data\Games\JourneyWestGreatBrawl\野怪原型图\寅将军（精英怪）.png","3824266","2026/7/17 20:48:10"
"E:\angsa\angsa_data\Games\JourneyWestGreatBrawl\野怪原型图\玉面狐狸（肥猪）.png","2825624","2026/7/17 20:55:36"
"E:\angsa\angsa_data\Games\JourneyWestGreatBrawl\野怪原型图\蜘蛛仔.png","4260830","2026/7/17 20:25:02"
"E:\angsa\angsa_data\Games\JourneyWestGreatBrawl\英雄原画图38个\白骨精.png","5112331","2026/4/21 15:54:54"
"E:\angsa\angsa_data\Games\JourneyWestGreatBrawl\英雄原画图38个\白龙马.png","4601514","2026/4/21 15:54:54"
"E:\angsa\angsa_data\Games\JourneyWestGreatBrawl\英雄原画图38个\白象精.png","4757877","2026/4/23 17:56:54"
"E:\angsa\angsa_data\Games\JourneyWestGreatBrawl\英雄原画图38个\大鹏雕.png","4611020","2026/4/23 17:56:54"
"E:\angsa\angsa_data\Games\JourneyWestGreatBrawl\英雄原画图38个\独角兕大王.png","4677927","2026/4/23 17:56:54"
"E:\angsa\angsa_data\Games\JourneyWestGreatBrawl\英雄原画图38个\多目怪.png","4421659","2026/4/23 17:56:54"
"E:\angsa\angsa_data\Games\JourneyWestGreatBrawl\英雄原画图38个\二郎神.png","4120843","2026/4/21 15:54:54"
"E:\angsa\angsa_data\Games\JourneyWestGreatBrawl\英雄原画图38个\观音菩萨.png","3922893","2026/4/21 15:54:54"
"E:\angsa\angsa_data\Games\JourneyWestGreatBrawl\英雄原画图38个\黑熊精.png","4284701","2026/4/23 22:38:58"
"E:\angsa\angsa_data\Games\JourneyWestGreatBrawl\英雄原画图38个\红孩儿.png","5130491","2026/4/23 17:56:54"
"E:\angsa\angsa_data\Games\JourneyWestGreatBrawl\英雄原画图38个\虎力大仙.png","4498535","2026/4/23 17:56:54"
"E:\angsa\angsa_data\Games\JourneyWestGreatBrawl\英雄原画图38个\黄风怪.png","4964407","2026/4/23 22:38:58"
"E:\angsa\angsa_data\Games\JourneyWestGreatBrawl\英雄原画图38个\黄眉老祖.png","5489062","2026/4/23 17:56:54"
"E:\angsa\angsa_data\Games\JourneyWestGreatBrawl\英雄原画图38个\黄袍怪.png","5041607","2026/4/23 22:38:58"
"E:\angsa\angsa_data\Games\JourneyWestGreatBrawl\英雄原画图38个\金角大王.png","4834824","2026/4/23 17:56:54"
"E:\angsa\angsa_data\Games\JourneyWestGreatBrawl\英雄原画图38个\九头虫.jpg","195541","2026/4/23 22:38:58"
"E:\angsa\angsa_data\Games\JourneyWestGreatBrawl\英雄原画图38个\灵感大王.png","5312408","2026/4/23 22:38:58"
"E:\angsa\angsa_data\Games\JourneyWestGreatBrawl\英雄原画图38个\六耳猕猴.png","4062603","2026/4/23 22:38:58"
"E:\angsa\angsa_data\Games\JourneyWestGreatBrawl\英雄原画图38个\鹿力大仙.png","3716240","2026/4/23 17:56:54"
"E:\angsa\angsa_data\Games\JourneyWestGreatBrawl\英雄原画图38个\哪吒.png","5034795","2026/4/21 15:54:54"
"E:\angsa\angsa_data\Games\JourneyWestGreatBrawl\英雄原画图38个\牛魔王.png","4271446","2026/4/23 17:56:54"
"E:\angsa\angsa_data\Games\JourneyWestGreatBrawl\英雄原画图38个\普贤菩萨.png","3965462","2026/4/21 15:54:54"
"E:\angsa\angsa_data\Games\JourneyWestGreatBrawl\英雄原画图38个\青狮精.png","5196307","2026/4/23 17:56:54"
"E:\angsa\angsa_data\Games\JourneyWestGreatBrawl\英雄原画图38个\如来.png","4409140","2026/4/21 15:54:54"
"E:\angsa\angsa_data\Games\JourneyWestGreatBrawl\英雄原画图38个\赛太岁.png","5139044","2026/4/23 22:38:58"
"E:\angsa\angsa_data\Games\JourneyWestGreatBrawl\英雄原画图38个\沙和尚.png","5545849","2026/4/21 15:54:54"
"E:\angsa\angsa_data\Games\JourneyWestGreatBrawl\英雄原画图38个\孙悟空.png","4706291","2026/4/22 14:52:02"
"E:\angsa\angsa_data\Games\JourneyWestGreatBrawl\英雄原画图38个\太上老君.png","4970580","2026/4/21 15:54:54"
"E:\angsa\angsa_data\Games\JourneyWestGreatBrawl\英雄原画图38个\唐僧.png","4830934","2026/4/25 0:58:16"
"E:\angsa\angsa_data\Games\JourneyWestGreatBrawl\英雄原画图38个\铁扇公主.png","4302046","2026/4/23 17:56:54"
"E:\angsa\angsa_data\Games\JourneyWestGreatBrawl\英雄原画图38个\托塔李天王.png","4992423","2026/4/21 15:54:54"
"E:\angsa\angsa_data\Games\JourneyWestGreatBrawl\英雄原画图38个\文殊菩萨.png","4127511","2026/4/21 15:54:54"
"E:\angsa\angsa_data\Games\JourneyWestGreatBrawl\英雄原画图38个\蝎子精.png","4569234","2026/4/23 22:38:58"
"E:\angsa\angsa_data\Games\JourneyWestGreatBrawl\英雄原画图38个\羊力大仙.png","3144651","2026/4/23 17:56:54"
"E:\angsa\angsa_data\Games\JourneyWestGreatBrawl\英雄原画图38个\银角大王.png","4336815","2026/4/23 17:56:54"
"E:\angsa\angsa_data\Games\JourneyWestGreatBrawl\英雄原画图38个\镇元大仙.png","4397749","2026/4/21 15:54:54"
"E:\angsa\angsa_data\Games\JourneyWestGreatBrawl\英雄原画图38个\蜘蛛精.png","4839732","2026/4/21 15:54:54"
"E:\angsa\angsa_data\Games\JourneyWestGreatBrawl\英雄原画图38个\猪八戒.jpg","92090","2026/7/19 16:54:38"
